{
  "Put character id" : {
    "transaction" : "Put character id",
    "sampleCount" : 2000,
    "errorCount" : 0,
    "errorPct" : 0.0,
    "meanResTime" : 13.14250000000002,
    "medianResTime" : 8.0,
    "minResTime" : 1.0,
    "maxResTime" : 72.0,
    "pct1ResTime" : 24.0,
    "pct2ResTime" : 26.0,
    "pct3ResTime" : 41.99000000000001,
    "throughput" : 348.6142583231654,
    "receivedKBytesPerSec" : 95.1384992700889,
    "sentKBytesPerSec" : 86.97585301551334
  },
  "Get all Characters" : {
    "transaction" : "Get all Characters",
    "sampleCount" : 2000,
    "errorCount" : 0,
    "errorPct" : 0.0,
    "meanResTime" : 1406.0895000000014,
    "medianResTime" : 91.0,
    "minResTime" : 3.0,
    "maxResTime" : 4896.0,
    "pct1ResTime" : 4141.6,
    "pct2ResTime" : 4544.9,
    "pct3ResTime" : 4824.98,
    "throughput" : 338.52403520649966,
    "receivedKBytesPerSec" : 1618.4187820011,
    "sentKBytesPerSec" : 41.65432464454976
  },
  "Total" : {
    "transaction" : "Total",
    "sampleCount" : 10000,
    "errorCount" : 0,
    "errorPct" : 0.0,
    "meanResTime" : 291.65990000000016,
    "medianResTime" : 12.0,
    "minResTime" : 1.0,
    "maxResTime" : 4896.0,
    "pct1ResTime" : 122.69999999999527,
    "pct2ResTime" : 2782.949999999999,
    "pct3ResTime" : 4544.98,
    "throughput" : 1690.9029421711195,
    "receivedKBytesPerSec" : 1975.8925787855092,
    "sentKBytesPerSec" : 317.00037781112616
  },
  "Delete character id" : {
    "transaction" : "Delete character id",
    "sampleCount" : 2000,
    "errorCount" : 0,
    "errorPct" : 0.0,
    "meanResTime" : 13.950499999999986,
    "medianResTime" : 8.0,
    "minResTime" : 1.0,
    "maxResTime" : 71.0,
    "pct1ResTime" : 27.0,
    "pct2ResTime" : 29.0,
    "pct3ResTime" : 38.98000000000002,
    "throughput" : 352.36081747709653,
    "receivedKBytesPerSec" : 85.68148784355179,
    "sentKBytesPerSec" : 73.61089317961593
  },
  "Get character by id" : {
    "transaction" : "Get character by id",
    "sampleCount" : 2000,
    "errorCount" : 0,
    "errorPct" : 0.0,
    "meanResTime" : 11.700999999999997,
    "medianResTime" : 7.0,
    "minResTime" : 1.0,
    "maxResTime" : 143.0,
    "pct1ResTime" : 22.0,
    "pct2ResTime" : 25.0,
    "pct3ResTime" : 61.98000000000002,
    "throughput" : 345.00603760565815,
    "receivedKBytesPerSec" : 94.13408875280318,
    "sentKBytesPerSec" : 43.101159543729516
  },
  "Post /character" : {
    "transaction" : "Post /character",
    "sampleCount" : 2000,
    "errorCount" : 0,
    "errorPct" : 0.0,
    "meanResTime" : 13.416000000000007,
    "medianResTime" : 9.0,
    "minResTime" : 2.0,
    "maxResTime" : 71.0,
    "pct1ResTime" : 23.0,
    "pct2ResTime" : 25.0,
    "pct3ResTime" : 59.98000000000002,
    "throughput" : 346.0207612456747,
    "receivedKBytesPerSec" : 94.45978184472318,
    "sentKBytesPerSec" : 79.92961315960207
  }
}