{
  "Put character id" : {
    "transaction" : "Put character id",
    "sampleCount" : 8056,
    "errorCount" : 0,
    "errorPct" : 0.0,
    "meanResTime" : 20.271722939424034,
    "medianResTime" : 20.0,
    "minResTime" : 0.0,
    "maxResTime" : 115.0,
    "pct1ResTime" : 29.0,
    "pct2ResTime" : 33.0,
    "pct3ResTime" : 51.0,
    "throughput" : 130.98761015901923,
    "receivedKBytesPerSec" : 35.5144224222383,
    "sentKBytesPerSec" : 32.68229272523658
  },
  "Get all Characters" : {
    "transaction" : "Get all Characters",
    "sampleCount" : 8056,
    "errorCount" : 0,
    "errorPct" : 0.0,
    "meanResTime" : 3656.889523336641,
    "medianResTime" : 22.0,
    "minResTime" : 0.0,
    "maxResTime" : 60015.0,
    "pct1ResTime" : 16065.3,
    "pct2ResTime" : 19588.44999999999,
    "pct3ResTime" : 32922.43,
    "throughput" : 130.63925015405573,
    "receivedKBytesPerSec" : 623.8877835841469,
    "sentKBytesPerSec" : 16.074751483799826
  },
  "Total" : {
    "transaction" : "Total",
    "sampleCount" : 40280,
    "errorCount" : 10,
    "errorPct" : 0.024826216,
    "meanResTime" : 747.4526564051624,
    "medianResTime" : 20.0,
    "minResTime" : 0.0,
    "maxResTime" : 60015.0,
    "pct1ResTime" : 31.0,
    "pct2ResTime" : 61.95000000000073,
    "pct3ResTime" : 31991.900000000016,
    "throughput" : 653.1538835738609,
    "receivedKBytesPerSec" : 762.2908474541916,
    "sentKBytesPerSec" : 122.45058121858277
  },
  "Delete character id" : {
    "transaction" : "Delete character id",
    "sampleCount" : 8056,
    "errorCount" : 0,
    "errorPct" : 0.0,
    "meanResTime" : 20.37698609731877,
    "medianResTime" : 20.0,
    "minResTime" : 0.0,
    "maxResTime" : 79.0,
    "pct1ResTime" : 29.0,
    "pct2ResTime" : 32.0,
    "pct3ResTime" : 48.0,
    "throughput" : 131.06646058732613,
    "receivedKBytesPerSec" : 31.870653013910353,
    "sentKBytesPerSec" : 27.381277708858697
  },
  "Get character by id" : {
    "transaction" : "Get character by id",
    "sampleCount" : 8056,
    "errorCount" : 0,
    "errorPct" : 0.0,
    "meanResTime" : 19.61668321747774,
    "medianResTime" : 20.0,
    "minResTime" : 0.0,
    "maxResTime" : 135.0,
    "pct1ResTime" : 29.0,
    "pct2ResTime" : 36.0,
    "pct3ResTime" : 57.0,
    "throughput" : 130.76223867030257,
    "receivedKBytesPerSec" : 35.48635183843819,
    "sentKBytesPerSec" : 16.334849725279184
  },
  "Post /character" : {
    "transaction" : "Post /character",
    "sampleCount" : 8056,
    "errorCount" : 10,
    "errorPct" : 0.12413108,
    "meanResTime" : 20.108366434955382,
    "medianResTime" : 20.0,
    "minResTime" : 0.0,
    "maxResTime" : 110.0,
    "pct1ResTime" : 28.0,
    "pct2ResTime" : 32.0,
    "pct3ResTime" : 48.0,
    "throughput" : 130.7962072996493,
    "receivedKBytesPerSec" : 35.855819597106766,
    "sentKBytesPerSec" : 30.213139617361023
  }
}