{
  "Put character id" : {
    "transaction" : "Put character id",
    "sampleCount" : 66210,
    "errorCount" : 184,
    "errorPct" : 0.27790365,
    "meanResTime" : 337.239616372151,
    "medianResTime" : 180.0,
    "minResTime" : 0.0,
    "maxResTime" : 127004.0,
    "pct1ResTime" : 238.0,
    "pct2ResTime" : 250.0,
    "pct3ResTime" : 365.9800000000032,
    "throughput" : 353.3782016726889,
    "receivedKBytesPerSec" : 96.57415205543518,
    "sentKBytesPerSec" : 88.15945684313338
  },
  "Get all Characters" : {
    "transaction" : "Get all Characters",
    "sampleCount" : 67845,
    "errorCount" : 1908,
    "errorPct" : 2.8122928,
    "meanResTime" : 2979.1309013192144,
    "medianResTime" : 180.0,
    "minResTime" : 2.0,
    "maxResTime" : 183025.0,
    "pct1ResTime" : 240.0,
    "pct2ResTime" : 252.0,
    "pct3ResTime" : 387.0,
    "throughput" : 361.98286256976087,
    "receivedKBytesPerSec" : 33154.457485262516,
    "sentKBytesPerSec" : 43.818043521176364
  },
  "Total" : {
    "transaction" : "Total",
    "sampleCount" : 334137,
    "errorCount" : 4201,
    "errorPct" : 1.2572687,
    "meanResTime" : 1103.94245174883,
    "medianResTime" : 237.0,
    "minResTime" : 0.0,
    "maxResTime" : 183025.0,
    "pct1ResTime" : 298.0,
    "pct2ResTime" : 63002.0,
    "pct3ResTime" : 63025.0,
    "throughput" : 1740.6232418578484,
    "receivedKBytesPerSec" : 32740.05472502331,
    "sentKBytesPerSec" : 324.5964809401112
  },
  "Delete character id" : {
    "transaction" : "Delete character id",
    "sampleCount" : 66034,
    "errorCount" : 174,
    "errorPct" : 0.26350063,
    "meanResTime" : 329.8534391374142,
    "medianResTime" : 179.0,
    "minResTime" : 0.0,
    "maxResTime" : 127004.0,
    "pct1ResTime" : 239.0,
    "pct2ResTime" : 251.0,
    "pct3ResTime" : 371.0,
    "throughput" : 352.4538976808732,
    "receivedKBytesPerSec" : 85.80219744936085,
    "sentKBytesPerSec" : 73.6215173067172
  },
  "Get character by id" : {
    "transaction" : "Get character by id",
    "sampleCount" : 67648,
    "errorCount" : 1642,
    "errorPct" : 2.4272707,
    "meanResTime" : 1464.1022942289485,
    "medianResTime" : 186.0,
    "minResTime" : 0.0,
    "maxResTime" : 127003.0,
    "pct1ResTime" : 252.0,
    "pct2ResTime" : 53383.0,
    "pct3ResTime" : 63018.0,
    "throughput" : 352.48020008336806,
    "receivedKBytesPerSec" : 96.29886781438881,
    "sentKBytesPerSec" : 44.02820226201022
  },
  "Post /character" : {
    "transaction" : "Post /character",
    "sampleCount" : 66400,
    "errorCount" : 293,
    "errorPct" : 0.44126505,
    "meanResTime" : 355.34810240963833,
    "medianResTime" : 179.0,
    "minResTime" : 1.0,
    "maxResTime" : 127005.0,
    "pct1ResTime" : 239.0,
    "pct2ResTime" : 251.0,
    "pct3ResTime" : 386.9900000000016,
    "throughput" : 354.3487773899864,
    "receivedKBytesPerSec" : 97.40826068082728,
    "sentKBytesPerSec" : 81.84776865167355
  }
}