{
  "Put character id" : {
    "transaction" : "Put character id",
    "sampleCount" : 11634,
    "errorCount" : 0,
    "errorPct" : 0.0,
    "meanResTime" : 111.66133745917115,
    "medianResTime" : 116.0,
    "minResTime" : 4.0,
    "maxResTime" : 368.0,
    "pct1ResTime" : 152.0,
    "pct2ResTime" : 157.0,
    "pct3ResTime" : 167.0,
    "throughput" : 384.1378854916463,
    "receivedKBytesPerSec" : 104.88054247424552,
    "sentKBytesPerSec" : 95.851160344301
  },
  "Get all Characters" : {
    "transaction" : "Get all Characters",
    "sampleCount" : 12487,
    "errorCount" : 966,
    "errorPct" : 7.7360454,
    "meanResTime" : 1993.4510290702333,
    "medianResTime" : 120.0,
    "minResTime" : 15.0,
    "maxResTime" : 60011.0,
    "pct1ResTime" : 162.0,
    "pct2ResTime" : 29410.599999999984,
    "pct3ResTime" : 31003.0,
    "throughput" : 203.6532659218788,
    "receivedKBytesPerSec" : 2064.8670830190413,
    "sentKBytesPerSec" : 25.058897955231185
  },
  "Total" : {
    "transaction" : "Total",
    "sampleCount" : 59148,
    "errorCount" : 982,
    "errorPct" : 1.6602421,
    "meanResTime" : 509.3662169473188,
    "medianResTime" : 148.0,
    "minResTime" : 4.0,
    "maxResTime" : 60011.0,
    "pct1ResTime" : 162.0,
    "pct2ResTime" : 270.0,
    "pct3ResTime" : 31002.0,
    "throughput" : 964.6579140503954,
    "receivedKBytesPerSec" : 2267.252004250591,
    "sentKBytesPerSec" : 179.84941363247168
  },
  "Delete character id" : {
    "transaction" : "Delete character id",
    "sampleCount" : 11560,
    "errorCount" : 0,
    "errorPct" : 0.0,
    "meanResTime" : 111.97690311418678,
    "medianResTime" : 116.0,
    "minResTime" : 8.0,
    "maxResTime" : 368.0,
    "pct1ResTime" : 152.0,
    "pct2ResTime" : 157.0,
    "pct3ResTime" : 167.38999999999942,
    "throughput" : 382.1361277313147,
    "receivedKBytesPerSec" : 92.92177324716538,
    "sentKBytesPerSec" : 79.82958595377012
  },
  "Get character by id" : {
    "transaction" : "Get character by id",
    "sampleCount" : 11766,
    "errorCount" : 0,
    "errorPct" : 0.0,
    "meanResTime" : 113.583715791263,
    "medianResTime" : 117.0,
    "minResTime" : 6.0,
    "maxResTime" : 531.0,
    "pct1ResTime" : 154.0,
    "pct2ResTime" : 158.0,
    "pct3ResTime" : 259.65999999999985,
    "throughput" : 387.8943724656315,
    "receivedKBytesPerSec" : 105.90495628729437,
    "sentKBytesPerSec" : 48.456887661540236
  },
  "Post /character" : {
    "transaction" : "Post /character",
    "sampleCount" : 11701,
    "errorCount" : 16,
    "errorPct" : 0.13674045,
    "meanResTime" : 111.59926502008327,
    "medianResTime" : 115.0,
    "minResTime" : 7.0,
    "maxResTime" : 369.0,
    "pct1ResTime" : 153.0,
    "pct2ResTime" : 157.0,
    "pct3ResTime" : 165.97999999999956,
    "throughput" : 386.095162674058,
    "receivedKBytesPerSec" : 105.9007369621527,
    "sentKBytesPerSec" : 89.19899189723156
  }
}