{
  "Put character id" : {
    "transaction" : "Put character id",
    "sampleCount" : 23306,
    "errorCount" : 51,
    "errorPct" : 0.21882777,
    "meanResTime" : 166.47138076031905,
    "medianResTime" : 183.0,
    "minResTime" : 4.0,
    "maxResTime" : 1798.0,
    "pct1ResTime" : 234.0,
    "pct2ResTime" : 242.0,
    "pct3ResTime" : 311.0,
    "throughput" : 377.4251012145749,
    "receivedKBytesPerSec" : 103.05024354757084,
    "sentKBytesPerSec" : 94.16820597165992
  },
  "Get all Characters" : {
    "transaction" : "Get all Characters",
    "sampleCount" : 25108,
    "errorCount" : 2002,
    "errorPct" : 7.973554,
    "meanResTime" : 4905.156444161228,
    "medianResTime" : 194.0,
    "minResTime" : 9.0,
    "maxResTime" : 153998.0,
    "pct1ResTime" : 307.0,
    "pct2ResTime" : 63276.850000000006,
    "pct3ResTime" : 64181.0,
    "throughput" : 161.25572403871473,
    "receivedKBytesPerSec" : 2686.1988637321533,
    "sentKBytesPerSec" : 19.743229598177297
  },
  "Total" : {
    "transaction" : "Total",
    "sampleCount" : 118542,
    "errorCount" : 2230,
    "errorPct" : 1.8811898,
    "meanResTime" : 1170.4454117527944,
    "medianResTime" : 234.0,
    "minResTime" : 4.0,
    "maxResTime" : 153998.0,
    "pct1ResTime" : 435.90000000000146,
    "pct2ResTime" : 63276.850000000006,
    "pct3ResTime" : 64181.0,
    "throughput" : 761.3340783414577,
    "receivedKBytesPerSec" : 2845.830345373082,
    "sentKBytesPerSec" : 141.83007497647765
  },
  "Delete character id" : {
    "transaction" : "Delete character id",
    "sampleCount" : 23213,
    "errorCount" : 51,
    "errorPct" : 0.21970448,
    "meanResTime" : 166.88997544479352,
    "medianResTime" : 183.0,
    "minResTime" : 7.0,
    "maxResTime" : 1838.0,
    "pct1ResTime" : 234.0,
    "pct2ResTime" : 242.0,
    "pct3ResTime" : 313.0,
    "throughput" : 375.6513577369971,
    "receivedKBytesPerSec" : 91.34491023096903,
    "sentKBytesPerSec" : 78.47490565932777
  },
  "Get character by id" : {
    "transaction" : "Get character by id",
    "sampleCount" : 23499,
    "errorCount" : 35,
    "errorPct" : 0.14894252,
    "meanResTime" : 167.57534363164413,
    "medianResTime" : 184.0,
    "minResTime" : 5.0,
    "maxResTime" : 1995.0,
    "pct1ResTime" : 236.0,
    "pct2ResTime" : 247.95000000000073,
    "pct3ResTime" : 390.9900000000016,
    "throughput" : 379.6223001243922,
    "receivedKBytesPerSec" : 103.64289159807595,
    "sentKBytesPerSec" : 47.422954723065864
  },
  "Post /character" : {
    "transaction" : "Post /character",
    "sampleCount" : 23416,
    "errorCount" : 91,
    "errorPct" : 0.38862318,
    "meanResTime" : 166.4084386744115,
    "medianResTime" : 183.0,
    "minResTime" : 7.0,
    "maxResTime" : 1832.0,
    "pct1ResTime" : 234.0,
    "pct2ResTime" : 242.0,
    "pct3ResTime" : 313.0,
    "throughput" : 378.88741464677514,
    "receivedKBytesPerSec" : 104.06753877301705,
    "sentKBytesPerSec" : 87.53106253135012
  }
}