{
  "Put character id" : {
    "transaction" : "Put character id",
    "sampleCount" : 200,
    "errorCount" : 0,
    "errorPct" : 0.0,
    "meanResTime" : 2.42,
    "medianResTime" : 1.0,
    "minResTime" : 0.0,
    "maxResTime" : 45.0,
    "pct1ResTime" : 6.0,
    "pct2ResTime" : 8.949999999999989,
    "pct3ResTime" : 23.920000000000073,
    "throughput" : 2.3990020151616926,
    "receivedKBytesPerSec" : 0.6537749046396699,
    "sentKBytesPerSec" : 0.5987548242431149
  },
  "Get all Characters" : {
    "transaction" : "Get all Characters",
    "sampleCount" : 200,
    "errorCount" : 0,
    "errorPct" : 0.0,
    "meanResTime" : 9.249999999999998,
    "medianResTime" : 2.0,
    "minResTime" : 1.0,
    "maxResTime" : 71.0,
    "pct1ResTime" : 29.0,
    "pct2ResTime" : 39.799999999999955,
    "pct3ResTime" : 69.94000000000005,
    "throughput" : 2.398311588641596,
    "receivedKBytesPerSec" : 11.074601917749904,
    "sentKBytesPerSec" : 0.2951047462586339
  },
  "Total" : {
    "transaction" : "Total",
    "sampleCount" : 1000,
    "errorCount" : 1,
    "errorPct" : 0.1,
    "meanResTime" : 3.8949999999999982,
    "medianResTime" : 1.0,
    "minResTime" : 0.0,
    "maxResTime" : 71.0,
    "pct1ResTime" : 8.0,
    "pct2ResTime" : 16.949999999999932,
    "pct3ResTime" : 44.97000000000003,
    "throughput" : 11.990982780948727,
    "receivedKBytesPerSec" : 13.627833900157082,
    "sentKBytesPerSec" : 2.2486956995839127
  },
  "Delete character id" : {
    "transaction" : "Delete character id",
    "sampleCount" : 200,
    "errorCount" : 0,
    "errorPct" : 0.0,
    "meanResTime" : 2.38,
    "medianResTime" : 1.0,
    "minResTime" : 0.0,
    "maxResTime" : 25.0,
    "pct1ResTime" : 7.0,
    "pct2ResTime" : 8.0,
    "pct3ResTime" : 15.990000000000009,
    "throughput" : 2.3990020151616926,
    "receivedKBytesPerSec" : 0.5833510759524039,
    "sentKBytesPerSec" : 0.5012250841150082
  },
  "Get character by id" : {
    "transaction" : "Get character by id",
    "sampleCount" : 200,
    "errorCount" : 0,
    "errorPct" : 0.0,
    "meanResTime" : 2.7700000000000005,
    "medianResTime" : 1.0,
    "minResTime" : 0.0,
    "maxResTime" : 47.0,
    "pct1ResTime" : 6.0,
    "pct2ResTime" : 9.949999999999989,
    "pct3ResTime" : 29.960000000000036,
    "throughput" : 2.3988869164707576,
    "receivedKBytesPerSec" : 0.6511080421184571,
    "sentKBytesPerSec" : 0.2997085914635609
  },
  "Post /character" : {
    "transaction" : "Post /character",
    "sampleCount" : 200,
    "errorCount" : 1,
    "errorPct" : 0.5,
    "meanResTime" : 2.655,
    "medianResTime" : 1.0,
    "minResTime" : 0.0,
    "maxResTime" : 19.0,
    "pct1ResTime" : 8.0,
    "pct2ResTime" : 9.949999999999989,
    "pct3ResTime" : 12.990000000000009,
    "throughput" : 2.3989156901080713,
    "receivedKBytesPerSec" : 0.6663316306029675,
    "sentKBytesPerSec" : 0.5545384111381656
  }
}